TITLE,DESCRIPTION,PRICE,CURRENCY_CODE,QUANTITY,TAGS,MATERIALS,IMAGE1,IMAGE2,IMAGE3,IMAGE4,IMAGE5,IMAGE6,IMAGE7,IMAGE8,IMAGE9,IMAGE10,"VARIATION 1 TYPE","VARIATION 1 NAME","VARIATION 1 VALUES","VARIATION 2 TYPE","VARIATION 2 NAME","VARIATION 2 VALUES",SKU
"Mega Charizard X ex 125/094 Phantasmal Flames | Custom Pokémon Artwork Display Slab","Protect and display your full art Mega Charizard X ex from Phantasmal Flames with this premium extended art slab! Each slab features a custom-designed and hand-cut art insert, printed on professional durable, glossy paper. Perfect for showcasing your favorite card while preserving its value!

Note: Card is not included.

Thank you for supporting small businesses!",28.74,USD,3,"Pokémon,Pokemon,Collectibles,Custom_Card_Display,Pokemon_Card_Art,Trading_Card_Frame,Pokémon_Art_Slab,Slab,Custom_Art,Extended_Art_Slab,Extended_Pokemon_Art,Screwdown_Slab,Card_Protector",,https://i.etsystatic.com/56175595/r/il/46c3fa/7568765220/il_fullxfull.7568765220_3seu.jpg,https://i.etsystatic.com/56175595/r/il/b6f2c8/6774676166/il_fullxfull.6774676166_3won.jpg,,,,,,,,,"Custom Property",Style,"Art + Screwdown Case,Art Print Only",,,,
"Greninja ex 214/167 Twilight Masquerade | Custom Pokémon Artwork Display Slab","Protect and display your full art Greninja ex from Twilight Masquerade with this premium extended art slab! Each slab features a custom-designed and hand-cut art insert, printed on professional durable, glossy paper. Perfect for showcasing your favorite card while preserving its value!

Note: Card is not included.

Thank you for supporting small businesses!",28.74,USD,3,"Pokémon,Pokemon,Collectibles,Custom_Card_Display,Pokemon_Card_Art,Trading_Card_Frame,Pokémon_Art_Slab,Slab,Custom_Art,Extended_Art_Slab,Extended_Pokemon_Art,Screwdown_Slab,Card_Protector",,https://i.etsystatic.com/56175595/r/il/78839e/7627522036/il_fullxfull.7627522036_3ic0.jpg,https://i.etsystatic.com/56175595/r/il/b6f2c8/6774676166/il_fullxfull.6774676166_3won.jpg,,,,,,,,,"Custom Property",Style,"Art + Screwdown Case,Art Print Only",,,,
"Entei EX 103/108 Dark Explorers | Custom Pokémon Artwork Display Slab","Protect and display your full art Entei EX from Dark Explorers with this premium extended art slab! Each slab features a custom-designed and hand-cut art insert, printed on professional durable, glossy paper. Perfect for showcasing your favorite card while preserving its value!

Note: Card is not included.

Thank you for supporting small businesses!",28.74,USD,3,"Pokémon,Pokemon,Collectibles,Custom_Card_Display,Pokemon_Card_Art,Trading_Card_Frame,Pokémon_Art_Slab,Slab,Custom_Art,Extended_Art_Slab,Extended_Pokemon_Art,Screwdown_Slab,Card_Protector",,https://i.etsystatic.com/56175595/r/il/f7c35b/7832211979/il_fullxfull.7832211979_5oco.jpg,https://i.etsystatic.com/56175595/r/il/b6f2c8/6774676166/il_fullxfull.6774676166_3won.jpg,,,,,,,,,"Custom Property",Style,"Art + Screwdown Case,Art Print Only",,,,
"Roaring Moon 162/131 Prismatic Evolution Promo | Custom Pokémon Artwork Display Slab","Protect and display your full art Roaring Moon ex from Prismatic Evolution with this premium extended art slab! Each slab features a custom-designed and hand-cut art insert, printed on professional durable, glossy paper. Perfect for showcasing your favorite card while preserving its value!

Note: Card is not included.

Thank you for supporting small businesses!",28.74,USD,3,"Pokémon,Pokemon,Collectibles,Custom_Card_Display,Pokemon_Card_Art,Trading_Card_Frame,Pokémon_Art_Slab,Slab,Custom_Art,Extended_Art_Slab,Extended_Pokemon_Art,Screwdown_Slab,Card_Protector","Acrylic Screwdown Case,Thick Paper,Glossy Paper,Photo Paper",https://i.etsystatic.com/56175595/r/il/9a961c/7769726524/il_fullxfull.7769726524_rfy4.jpg,https://i.etsystatic.com/56175595/r/il/fd4da5/6822695557/il_fullxfull.6822695557_cfu0.jpg,,,,,,,,,"Custom Property",Style,"Art + Screwdown Case,Art Print Only",,,,
"Appletun 211/191 Surging Sparks | Custom Pokémon Artwork Display Slab","Protect and display your full art Appletun from Surging Sparks with this premium extended art slab! Each slab features a custom-designed and hand-cut art insert, printed on professional durable, glossy paper. Perfect for showcasing your favorite card while preserving its value!

Note: Card is not included.

Thank you for supporting small businesses!",28.74,USD,4,"Pokémon,Pokemon,Collectibles,Custom_Card_Display,Pokemon_Card_Art,Trading_Card_Frame,Pokémon_Art_Slab,Slab,Custom_Art,Extended_Art_Slab,Extended_Pokemon_Art,Screwdown_Slab,Card_Protector",,https://i.etsystatic.com/56175595/r/il/0b7c17/7761125129/il_fullxfull.7761125129_czln.jpg,https://i.etsystatic.com/56175595/r/il/e5e37a/6774119924/il_fullxfull.6774119924_ah1o.jpg,,,,,,,,,"Custom Property",Style,"Art + Screwdown Case,Art Print Only",,,,
"Pikachu ex 276/217 Ascended Heroes | Custom Pokémon Artwork Display Slab","Protect and display your full art Pikachu ex from Ascended Heroes with this premium extended art slab! Each slab features a custom-designed and hand-cut art insert, printed on professional durable, glossy paper. Perfect for showcasing your favorite card while preserving its value!

Note: Card is not included.

Thank you for supporting small businesses!",28.74,USD,4,"Pokémon,Pokemon,Collectibles,Custom_Card_Display,Pokemon_Card_Art,Trading_Card_Frame,Pokémon_Art_Slab,Slab,Custom_Art,Extended_Art_Slab,Extended_Pokemon_Art,Screwdown_Slab,Card_Protector",,https://i.etsystatic.com/56175595/r/il/65bda8/7718156433/il_fullxfull.7718156433_9yqf.jpg,https://i.etsystatic.com/56175595/r/il/b6f2c8/6774676166/il_fullxfull.6774676166_3won.jpg,,,,,,,,,"Custom Property",Style,"Art + Screwdown Case,Art Print Only",,,,
"Mega Feraligatr ex 274/217 Ascended Heroes | Custom Pokémon Artwork Display Slab","Protect and display your full art Mega Feraligatr ex from Ascended Heroes with this premium extended art slab! Each slab features a custom-designed and hand-cut art insert, printed on professional durable, glossy paper. Perfect for showcasing your favorite card while preserving its value!

Note: Card is not included.

Thank you for supporting small businesses!",28.74,USD,3,"Pokémon,Pokemon,Collectibles,Custom_Card_Display,Pokemon_Card_Art,Trading_Card_Frame,Pokémon_Art_Slab,Slab,Custom_Art,Extended_Art_Slab,Extended_Pokemon_Art,Screwdown_Slab,Card_Protector",,https://i.etsystatic.com/56175595/r/il/3f7bdf/7675698002/il_fullxfull.7675698002_1k2l.jpg,https://i.etsystatic.com/56175595/r/il/b6f2c8/6774676166/il_fullxfull.6774676166_3won.jpg,,,,,,,,,"Custom Property",Style,"Art + Screwdown Case,Art Print Only",,,,
"Zeraora V 166/198 Chilling Reign | Custom Pokémon Artwork Display Slab","Protect and display your full art Zeraora V from Chilling Reign with this premium extended art slab! Each slab features a custom-designed and hand-cut art insert, printed on professional durable, glossy paper. Perfect for showcasing your favorite card while preserving its value!

Note: Card is not included.

Thank you for supporting small businesses!",28.74,USD,5,"Pokémon,Pokemon,Collectibles,Custom_Card_Display,Pokemon_Card_Art,Trading_Card_Frame,Pokémon_Art_Slab,Slab,Custom_Art,Extended_Art_Slab,Extended_Pokemon_Art,Screwdown_Slab,Card_Protector","Acrylic,Acrylic Screwdown Case,Thick Paper,Glossy Paper,Photo Paper",https://i.etsystatic.com/56175595/r/il/c2feb6/6749438083/il_fullxfull.6749438083_ktm8.jpg,https://i.etsystatic.com/56175595/r/il/b446c8/6774683046/il_fullxfull.6774683046_9u4a.jpg,,,,,,,,,"Custom Property",Style,"Art + Screwdown Case,Art Print Only",,,,
"Glaceon ex 206/187 Terastal Festival / Prismatic Evolutions | Custom Pokémon Artwork Display Slab","Protect and display your full art Glaceon ex from Terastal Festival / Prismatic Evolutions with this premium extended art slab! Each slab features a custom-designed and hand-cut art insert, printed on professional durable, glossy paper. Perfect for showcasing your favorite card while preserving its value!

Note: Card is not included.

Thank you for supporting small businesses!",28.74,USD,5,"Pokémon,Pokemon,Collectibles,Custom_Card_Display,Pokemon_Card_Art,Trading_Card_Frame,Pokémon_Art_Slab,Slab,Custom_Art,Extended_Art_Slab,Extended_Pokemon_Art,Screwdown_Slab,Card_Protector","Acrylic,Acrylic Screwdown Case,Thick Paper,Glossy Paper,Photo Paper",https://i.etsystatic.com/56175595/r/il/b4d883/6701399512/il_fullxfull.6701399512_14oy.jpg,https://i.etsystatic.com/56175595/r/il/bbf2cc/6822659135/il_fullxfull.6822659135_svk3.jpg,,,,,,,,,"Custom Property",Style,"Art + Screwdown Case,Art Print Only",,,,
"Jolteon ex 209/187 Terastal Festival / Prismatic Evolutions | Custom Pokémon Artwork Display Slab","Protect and display your full art Jolteon ex from Terastal Festival / Prismatic Evolutions with this premium extended art slab! Each slab features a custom-designed and hand-cut art insert, printed on professional durable, glossy paper. Perfect for showcasing your favorite card while preserving its value!

Note: Card is not included.

Thank you for supporting small businesses!",28.74,USD,5,"Pokémon,Pokemon,Collectibles,Custom_Card_Display,Pokemon_Card_Art,Trading_Card_Frame,Pokémon_Art_Slab,Slab,Custom_Art,Extended_Art_Slab,Extended_Pokemon_Art,Screwdown_Slab,Card_Protector","Acrylic,Acrylic Screwdown Case,Thick Paper,Glossy Paper,Photo Paper",https://i.etsystatic.com/56175595/r/il/94b245/6749431615/il_fullxfull.6749431615_tkhv.jpg,https://i.etsystatic.com/56175595/r/il/e1028f/6774644202/il_fullxfull.6774644202_n4kx.jpg,,,,,,,,,"Custom Property",Style,"Art + Screwdown Case,Art Print Only",,,,
"Eevee ex 167/131 Prismatic Evolutions | Custom Pokémon Artwork Display Slab","Protect and display your full art Eevee ex from Terastal Festival / Prismatic Evolutions with this premium extended art slab! Each slab features a custom-designed and hand-cut art insert, printed on professional durable, glossy paper. Perfect for showcasing your favorite card while preserving its value!

Note: Card is not included.

Thank you for supporting small businesses!",28.74,USD,5,"Pokémon,Pokemon,Collectibles,Custom_Card_Display,Pokemon_Card_Art,Trading_Card_Frame,Pokémon_Art_Slab,Slab,Custom_Art,Extended_Art_Slab,Extended_Pokemon_Art,Screwdown_Slab,Card_Protector","Acrylic Screwdown Case,Thick Paper,Glossy Paper,Photo Paper",https://i.etsystatic.com/56175595/r/il/23b3b8/6701378584/il_fullxfull.6701378584_jvc1.jpg,https://i.etsystatic.com/56175595/r/il/ee3f2d/6774133194/il_fullxfull.6774133194_a0rs.jpg,,,,,,,,,"Custom Property",Style,"Art + Screwdown Case,Art Print Only",,,,
"Ninetales 199/197 | Custom Pokémon Artwork Display Slab","Protect and display your full art Ninetales from Obsidian Flames with this premium extended art slab! Each slab features a custom-designed and hand-cut art insert, printed on professional durable, glossy paper. Perfect for showcasing your favorite card while preserving its value!

Note: Card is not included.

Thank you for supporting small businesses!",28.74,USD,5,"Pokémon,Pokemon,Collectibles,Custom_Card_Display,Pokemon_Card_Art,Trading_Card_Frame,Pokémon_Art_Slab,Slab,Custom_Art,Extended_Art_Slab,Extended_Pokemon_Art,Screwdown_Slab,Card_Protector","Acrylic Screwdown Case,Thick Paper,Glossy Paper,Photo Paper",https://i.etsystatic.com/56175595/r/il/18a6d2/6822753469/il_fullxfull.6822753469_jh6h.jpg,https://i.etsystatic.com/56175595/r/il/ffc7d7/6822696071/il_fullxfull.6822696071_k3y2.jpg,,,,,,,,,"Custom Property",Style,"Art + Screwdown Case,Art Print Only",,,,
"Gardevoir/Sylveon GX 205/214 Unbroken Bonds | Custom Pokémon Artwork Display Slab","Protect and display your full art Gardevoir & Sylveon GX from Unbroken Bonds with this premium extended art slab! Each slab features a custom-designed and hand-cut art insert, printed on professional durable, glossy paper. Perfect for showcasing your favorite card while preserving its value!

Note: Card is not included.

Thank you for supporting small businesses!",28.74,USD,5,"Pokémon,Pokemon,Collectibles,Custom_Card_Display,Pokemon_Card_Art,Trading_Card_Frame,Pokémon_Art_Slab,Slab,Custom_Art,Extended_Art_Slab,Extended_Pokemon_Art,Screwdown_Slab,Card_Protector","Acrylic Screwdown Case,Thick Paper,Glossy Paper,Photo Paper",https://i.etsystatic.com/56175595/r/il/3b1160/7843144567/il_fullxfull.7843144567_5pcz.jpg,https://i.etsystatic.com/56175595/r/il/fd4da5/6822695557/il_fullxfull.6822695557_cfu0.jpg,,,,,,,,,"Custom Property",Style,"Art + Screwdown Case,Art Print Only",,,,
"Mega Kangaskhan ex 182/132 Mega Evolution | Custom Pokémon Artwork Display Slab","Protect and display your full art Mega Kangaskhan ex from Mega Evolution with this premium extended art slab! Each slab features a custom-designed and hand-cut art insert, printed on professional durable, glossy paper. Perfect for showcasing your favorite card while preserving its value!

Note: Card is not included.

Thank you for supporting small businesses!",28.74,USD,4,"Pokémon,Pokemon,Collectibles,Custom_Card_Display,Pokemon_Card_Art,Trading_Card_Frame,Pokémon_Art_Slab,Slab,Custom_Art,Extended_Art_Slab,Extended_Pokemon_Art,Screwdown_Slab,Card_Protector",,https://i.etsystatic.com/56175595/r/il/2aa6da/7751468388/il_fullxfull.7751468388_9vq7.jpg,https://i.etsystatic.com/56175595/r/il/b6f2c8/6774676166/il_fullxfull.6774676166_3won.jpg,,,,,,,,,"Custom Property",Style,"Art + Screwdown Case,Art Print Only",,,,
"Mega Diancie ex 282/217 Ascended Heroes | Custom Pokémon Artwork Display Slab","Protect and display your full art Mega Diancie ex from Ascended Heroes with this premium extended art slab! Each slab features a custom-designed and hand-cut art insert, printed on professional durable, glossy paper. Perfect for showcasing your favorite card while preserving its value!

Note: Card is not included.

Thank you for supporting small businesses!",28.74,USD,3,"Pokémon,Pokemon,Collectibles,Custom_Card_Display,Pokemon_Card_Art,Trading_Card_Frame,Pokémon_Art_Slab,Slab,Custom_Art,Extended_Art_Slab,Extended_Pokemon_Art,Screwdown_Slab,Card_Protector",,https://i.etsystatic.com/56175595/r/il/bb602b/7857789829/il_fullxfull.7857789829_o8m4.jpg,https://i.etsystatic.com/56175595/r/il/b6f2c8/6774676166/il_fullxfull.6774676166_3won.jpg,,,,,,,,,"Custom Property",Style,"Art + Screwdown Case,Art Print Only",,,,
"Mega Dragonite ex 290/217 Ascended Heroes | Custom Pokémon Artwork Display Slab","Protect and display your full art Mega Dragonite ex from Ascended Heroes with this premium extended art slab! Each slab features a custom-designed and hand-cut art insert, printed on professional durable, glossy paper. Perfect for showcasing your favorite card while preserving its value!

Note: Card is not included.

Thank you for supporting small businesses!",28.74,USD,3,"Pokémon,Pokemon,Collectibles,Custom_Card_Display,Pokemon_Card_Art,Trading_Card_Frame,Pokémon_Art_Slab,Slab,Custom_Art,Extended_Art_Slab,Extended_Pokemon_Art,Screwdown_Slab,Card_Protector",,https://i.etsystatic.com/56175595/r/il/c1d485/7726926684/il_fullxfull.7726926684_k50p.jpg,https://i.etsystatic.com/56175595/r/il/b6f2c8/6774676166/il_fullxfull.6774676166_3won.jpg,,,,,,,,,"Custom Property",Style,"Art + Screwdown Case,Art Print Only",,,,
"Lucario VSTAR SWSH291 | Custom Pokémon Artwork Display Slab","Protect and display your Lucario VSTAR from the Sword & Shield Promos with this premium extended art slab. Each slab features a custom-designed and hand-cut art insert, printed on professional durable, glossy paper. Perfect for showcasing your favorite card while preserving its value!

Note: Card is not included.

Thank you for supporting small businesses!",28.74,USD,5,"Pokémon,Pokemon,Collectibles,Custom_Card_Display,Pokemon_Card_Art,Trading_Card_Frame,Pokémon_Art_Slab,Slab,Custom_Art,Extended_Art_Slab,Extended_Pokemon_Art,Screwdown_Slab,Card_Protector","Acrylic Screwdown Case,Thick and Glossy Professional Paper",https://i.etsystatic.com/56175595/r/il/ee103c/7720513682/il_fullxfull.7720513682_12er.jpg,https://i.etsystatic.com/56175595/r/il/cd4b4b/6822689949/il_fullxfull.6822689949_4rc5.jpg,,,,,,,,,"Custom Property",Style,"Art + Screwdown Case,Art Print Only",,,,
"Mega Meganium ex 272/217 Ascended Heroes | Custom Pokémon Artwork Display Slab","Protect and display your full art Mega Meganium ex from Ascended Heroes with this premium extended art slab! Each slab features a custom-designed and hand-cut art insert, printed on professional durable, glossy paper. Perfect for showcasing your favorite card while preserving its value!

Note: Card is not included.

Thank you for supporting small businesses!",28.74,USD,3,"Pokémon,Pokemon,Collectibles,Custom_Card_Display,Pokemon_Card_Art,Trading_Card_Frame,Pokémon_Art_Slab,Slab,Custom_Art,Extended_Art_Slab,Extended_Pokemon_Art,Screwdown_Slab,Card_Protector",,https://i.etsystatic.com/56175595/r/il/56e9e8/7723652107/il_fullxfull.7723652107_6gbp.jpg,https://i.etsystatic.com/56175595/r/il/b6f2c8/6774676166/il_fullxfull.6774676166_3won.jpg,,,,,,,,,"Custom Property",Style,"Art + Screwdown Case,Art Print Only",,,,
"Mewtwo VSTAR GG44 Crown Zenith | Custom Pokémon Artwork Display Slab","Protect and display your full art Mewtwo VSTAR from Crown Zenith with this premium extended art slab! Each slab features a custom-designed and hand-cut art insert, printed on professional durable, glossy paper. Perfect for showcasing your favorite card while preserving its value!

Note: Card is not included.

Thank you for supporting small businesses!",28.74,USD,4,"Pokémon,Pokemon,Collectibles,Custom_Card_Display,Pokemon_Card_Art,Trading_Card_Frame,Pokémon_Art_Slab,Slab,Custom_Art,Extended_Art_Slab,Extended_Pokemon_Art,Screwdown_Slab,Card_Protector",,https://i.etsystatic.com/56175595/r/il/b8ccf6/7817411917/il_fullxfull.7817411917_ijn1.jpg,https://i.etsystatic.com/56175595/r/il/b6f2c8/6774676166/il_fullxfull.6774676166_3won.jpg,,,,,,,,,"Custom Property",Style,"Art + Screwdown Case,Art Print Only",,,,
"Team Rocket's Moltres ex 229/182 Destined Rivals | Custom Pokémon Artwork Display Slab","Protect and display your full art Team Rocket's Moltres ex from Destined Rivals with this premium extended art slab! Each slab features a custom-designed and hand-cut art insert, printed on professional durable, glossy paper. Perfect for showcasing your favorite card while preserving its value!

Note: Card is not included.

Thank you for supporting small businesses!",28.74,USD,3,"Pokémon,Pokemon,Collectibles,Custom_Card_Display,Pokemon_Card_Art,Trading_Card_Frame,Pokémon_Art_Slab,Slab,Custom_Art,Extended_Art_Slab,Extended_Pokemon_Art,Screwdown_Slab,Card_Protector",,https://i.etsystatic.com/56175595/r/il/6ec6bd/7817408281/il_fullxfull.7817408281_b8up.jpg,https://i.etsystatic.com/56175595/r/il/b6f2c8/6774676166/il_fullxfull.6774676166_3won.jpg,,,,,,,,,"Custom Property",Style,"Art + Screwdown Case,Art Print Only",,,,
"Reshiram 167/159 Journey Together | Custom Pokémon Artwork Display Slab","Protect and display your full art Reshiram from Journey Together with this premium extended art slab! Each slab features a custom-designed and hand-cut art insert, printed on professional durable, glossy paper. Perfect for showcasing your favorite card while preserving its value!

Note: Card is not included.

Thank you for supporting small businesses!",28.74,USD,4,"Pokémon,Pokemon,Collectibles,Custom_Card_Display,Pokemon_Card_Art,Trading_Card_Frame,Pokémon_Art_Slab,Slab,Custom_Art,Extended_Art_Slab,Extended_Pokemon_Art,Screwdown_Slab,Card_Protector",,https://i.etsystatic.com/56175595/r/il/5215ae/7767614230/il_fullxfull.7767614230_58g4.jpg,https://i.etsystatic.com/56175595/r/il/b6f2c8/6774676166/il_fullxfull.6774676166_3won.jpg,,,,,,,,,"Custom Property",Style,"Art + Screwdown Case,Art Print Only",,,,
"Mega Rayquaza EX 98/98 Ancient Origins | Custom Pokémon Artwork Display Slab","Protect and display your full art Mega Rayquaza EX from Ancient Origins with this premium extended art slab! Each slab features a custom-designed and hand-cut art insert, printed on professional durable, glossy paper. Perfect for showcasing your favorite card while preserving its value!

Note: Card is not included.

Thank you for supporting small businesses!",28.74,USD,5,"Pokémon,Pokemon,Collectibles,Custom_Card_Display,Pokemon_Card_Art,Trading_Card_Frame,Pokémon_Art_Slab,Slab,Custom_Art,Extended_Art_Slab,Extended_Pokemon_Art,Screwdown_Slab,Card_Protector","Acrylic,Acrylic Screwdown Case,Thick Paper,Glossy Paper,Photo Paper",https://i.etsystatic.com/56175595/r/il/489012/7815556727/il_fullxfull.7815556727_5cdt.jpg,https://i.etsystatic.com/56175595/r/il/ea2b2e/6822693829/il_fullxfull.6822693829_98ng.jpg,,,,,,,,,"Custom Property",Style,"Art + Screwdown Case,Art Print Only",,,,
"Primal Kyogre EX 96/98 Ancient Origins | Custom Pokémon Artwork Display Slab","Protect and display your full art Primal Kyogre EX from Ancient Origins with this premium extended art slab! Each slab features a custom-designed and hand-cut art insert, printed on professional durable, glossy paper. Perfect for showcasing your favorite card while preserving its value!

Note: Card is not included.

Thank you for supporting small businesses!",28.74,USD,5,"Pokémon,Pokemon,Collectibles,Custom_Card_Display,Pokemon_Card_Art,Trading_Card_Frame,Pokémon_Art_Slab,Slab,Custom_Art,Extended_Art_Slab,Extended_Pokemon_Art,Screwdown_Slab,Card_Protector","Acrylic,Acrylic Screwdown Case,Thick Paper,Glossy Paper,Photo Paper",https://i.etsystatic.com/56175595/r/il/d2f302/7815551771/il_fullxfull.7815551771_smn1.jpg,https://i.etsystatic.com/56175595/r/il/ea2b2e/6822693829/il_fullxfull.6822693829_98ng.jpg,,,,,,,,,"Custom Property",Style,"Art + Screwdown Case,Art Print Only",,,,
"Mewtwo 052 Scarlet & Violet Promo | Custom Pokémon Artwork Display Slab","Protect and display your full art Mewtwo promo from Scarlet and Violet with this premium extended art slab! Each slab features a custom-designed and hand-cut art insert, printed on professional durable, glossy paper. Perfect for showcasing your favorite card while preserving its value!

Note: Card is not included.

Thank you for supporting small businesses!",28.74,USD,4,"Pokémon,Pokemon,Collectibles,Custom_Card_Display,Pokemon_Card_Art,Trading_Card_Frame,Pokémon_Art_Slab,Slab,Custom_Art,Extended_Art_Slab,Extended_Pokemon_Art,Screwdown_Slab,Card_Protector",,https://i.etsystatic.com/56175595/r/il/07d522/7815121285/il_fullxfull.7815121285_qubo.jpg,https://i.etsystatic.com/56175595/r/il/b6f2c8/6774676166/il_fullxfull.6774676166_3won.jpg,,,,,,,,,"Custom Property",Style,"Art + Screwdown Case,Art Print Only",,,,
"Mega Dragonite ex 271/217 Ascended Heroes | Custom Pokémon Artwork Display Slab","Protect and display your full art Mega Dragonite ex from Ascended Heroes with this premium extended art slab! Each slab features a custom-designed and hand-cut art insert, printed on professional durable, glossy paper. Perfect for showcasing your favorite card while preserving its value!

Note: Card is not included.

Thank you for supporting small businesses!",28.74,USD,4,"Pokémon,Pokemon,Collectibles,Custom_Card_Display,Pokemon_Card_Art,Trading_Card_Frame,Pokémon_Art_Slab,Slab,Custom_Art,Extended_Art_Slab,Extended_Pokemon_Art,Screwdown_Slab,Card_Protector",,https://i.etsystatic.com/56175595/r/il/1cdebe/7815109591/il_fullxfull.7815109591_yzzm.jpg,https://i.etsystatic.com/56175595/r/il/b6f2c8/6774676166/il_fullxfull.6774676166_3won.jpg,,,,,,,,,"Custom Property",Style,"Art + Screwdown Case,Art Print Only",,,,
"Mega Sharpedo ex 127/094 Phantasmal Flames | Custom Pokémon Artwork Display Slab","Protect and display your full art Mega Sharpedo ex from Phantasmal Flames with this premium extended art slab! Each slab features a custom-designed and hand-cut art insert, printed on professional durable, glossy paper. Perfect for showcasing your favorite card while preserving its value!

Note: Card is not included.

Thank you for supporting small businesses!",28.74,USD,7,"Pokémon,Pokemon,Collectibles,Custom_Card_Display,Pokemon_Card_Art,Trading_Card_Frame,Pokémon_Art_Slab,Slab,Custom_Art,Extended_Art_Slab,Extended_Pokemon_Art,Screwdown_Slab,Card_Protector",,https://i.etsystatic.com/56175595/r/il/027930/7767123524/il_fullxfull.7767123524_9mfr.jpg,https://i.etsystatic.com/56175595/r/il/b6f2c8/6774676166/il_fullxfull.6774676166_3won.jpg,,,,,,,,,"Custom Property",Style,"Art + Screwdown Case,Art Print Only",,,,
"Mega Lopunny ex 128/094 Phantasmal Flames | Custom Pokémon Artwork Display Slab","Protect and display your full art Mega Lopunny ex from Phantasmal Flames with this premium extended art slab! Each slab features a custom-designed and hand-cut art insert, printed on professional durable, glossy paper. Perfect for showcasing your favorite card while preserving its value!

Note: Card is not included.

Thank you for supporting small businesses!",28.74,USD,7,"Pokémon,Pokemon,Collectibles,Custom_Card_Display,Pokemon_Card_Art,Trading_Card_Frame,Pokémon_Art_Slab,Slab,Custom_Art,Extended_Art_Slab,Extended_Pokemon_Art,Screwdown_Slab,Card_Protector",,https://i.etsystatic.com/56175595/r/il/9075f0/7767120852/il_fullxfull.7767120852_gh92.jpg,https://i.etsystatic.com/56175595/r/il/b6f2c8/6774676166/il_fullxfull.6774676166_3won.jpg,,,,,,,,,"Custom Property",Style,"Art + Screwdown Case,Art Print Only",,,,
"Psyduck 226/217 Ascended Heroes | Custom Pokémon Artwork Display Slab","Protect and display your full art Psyduck from Ascended Heroes with this premium extended art slab! Each slab features a custom-designed and hand-cut art insert, printed on professional durable, glossy paper. Perfect for showcasing your favorite card while preserving its value!

Note: Card is not included.

Thank you for supporting small businesses!",28.74,USD,4,"Pokémon,Pokemon,Collectibles,Custom_Card_Display,Pokemon_Card_Art,Trading_Card_Frame,Pokémon_Art_Slab,Slab,Custom_Art,Extended_Art_Slab,Extended_Pokemon_Art,Screwdown_Slab,Card_Protector",,https://i.etsystatic.com/56175595/r/il/5ad117/7726930796/il_fullxfull.7726930796_srqq.jpg,https://i.etsystatic.com/56175595/r/il/b6f2c8/6774676166/il_fullxfull.6774676166_3won.jpg,,,,,,,,,"Custom Property",Style,"Art + Screwdown Case,Art Print Only",,,,
"Mega Hawlucha ex 283/217 Ascended Heroes | Custom Pokémon Artwork Display Slab","Protect and display your full art Mega Hawlucha ex from Ascended Heroes with this premium extended art slab! Each slab features a custom-designed and hand-cut art insert, printed on professional durable, glossy paper. Perfect for showcasing your favorite card while preserving its value!

Note: Card is not included.

Thank you for supporting small businesses!",28.74,USD,3,"Pokémon,Pokemon,Collectibles,Custom_Card_Display,Pokemon_Card_Art,Trading_Card_Frame,Pokémon_Art_Slab,Slab,Custom_Art,Extended_Art_Slab,Extended_Pokemon_Art,Screwdown_Slab,Card_Protector",,https://i.etsystatic.com/56175595/r/il/d035bf/7724591905/il_fullxfull.7724591905_gylq.jpg,https://i.etsystatic.com/56175595/r/il/b6f2c8/6774676166/il_fullxfull.6774676166_3won.jpg,,,,,,,,,"Custom Property",Style,"Art + Screwdown Case,Art Print Only",,,,
"Leafeon VSTAR GG35 Crown Zenith | Custom Pokémon Artwork Display Slab","Protect and display your full art Leafeon VSTAR from Crown Zenith with this premium extended art slab! Each slab features a custom-designed and hand-cut art insert, printed on professional durable, glossy paper. Perfect for showcasing your favorite card while preserving its value!

Note: Card is not included.

Thank you for supporting small businesses!",28.74,USD,4,"Pokémon,Pokemon,Collectibles,Custom_Card_Display,Pokemon_Card_Art,Trading_Card_Frame,Pokémon_Art_Slab,Slab,Custom_Art,Extended_Art_Slab,Extended_Pokemon_Art,Screwdown_Slab,Card_Protector",,https://i.etsystatic.com/56175595/r/il/a15828/7723667855/il_fullxfull.7723667855_2p85.jpg,https://i.etsystatic.com/56175595/r/il/b6f2c8/6774676166/il_fullxfull.6774676166_3won.jpg,,,,,,,,,"Custom Property",Style,"Art + Screwdown Case,Art Print Only",,,,
"Eevee 188/167 Twilight Masquerade | Custom Pokémon Artwork Display Slab","Protect and display your full art Eeevee from Twilight Masquerade with this premium extended art slab! Each slab features a custom-designed and hand-cut art insert, printed on professional durable, glossy paper. Perfect for showcasing your favorite card while preserving its value!

Note: Card is not included.

Thank you for supporting small businesses!",28.74,USD,4,"Pokémon,Pokemon,Collectibles,Custom_Card_Display,Pokemon_Card_Art,Trading_Card_Frame,Pokémon_Art_Slab,Slab,Custom_Art,Extended_Art_Slab,Extended_Pokemon_Art,Screwdown_Slab,Card_Protector",,https://i.etsystatic.com/56175595/r/il/4338c5/7716171865/il_fullxfull.7716171865_s7c2.jpg,https://i.etsystatic.com/56175595/r/il/b6f2c8/6774676166/il_fullxfull.6774676166_3won.jpg,,,,,,,,,"Custom Property",Style,"Art + Screwdown Case,Art Print Only",,,,
"Eevee 173 Prismatic Evolution Promo | Custom Pokémon Artwork Display Slab","Protect and display your full art Eevee from Prismatic Evolution's Promos with this premium extended art slab! Each slab features a custom-designed and hand-cut art insert, printed on professional durable, glossy paper. Perfect for showcasing your favorite card while preserving its value!

Note: Card is not included.

Thank you for supporting small businesses!",28.74,USD,4,"Pokémon,Pokemon,Collectibles,Custom_Card_Display,Pokemon_Card_Art,Trading_Card_Frame,Pokémon_Art_Slab,Slab,Custom_Art,Extended_Art_Slab,Extended_Pokemon_Art,Screwdown_Slab,Card_Protector","Acrylic Screwdown Case,Thick Paper,Glossy Paper,Photo Paper",https://i.etsystatic.com/56175595/r/il/75ec04/7743476404/il_fullxfull.7743476404_e37r.jpg,https://i.etsystatic.com/56175595/r/il/fd4da5/6822695557/il_fullxfull.6822695557_cfu0.jpg,,,,,,,,,"Custom Property",Style,"Art + Screwdown Case,Art Print Only",,,,
"Custom-Made Latias and Latios Pokémon TCG Playmat | TheSlabGuy","We're updating our product line! TheSlabGuy now makes our own custom Pokémon TCG Playmats, and they are absolutely stunning. The Latias and Latios mat is the first in our soon-to-expand line of playmats.",35,USD,2,"Pokémon,Custom_Card_Mat,TCG_Playmat,Playmat,Pokémon_Playmat,Custom_designed_art,custom_playmat,Pokemon_Art,Custom_printable,theslabguy,pokemon_display,tcg,trading_card_game",Polyester,https://i.etsystatic.com/56175595/r/il/e6139b/7790736145/il_fullxfull.7790736145_ahu4.jpg,,,,,,,,,,,,,,,,
"Jolteon VMAX SWSH184 Sword & Shield Promo | Custom Pokémon Artwork Display Slab","Protect and display your full art Jolteon VMAX from Sword & Shield with this premium extended art slab! Each slab features a custom-designed and hand-cut art insert, printed on professional durable, glossy paper. Perfect for showcasing your favorite card while preserving its value!

Note: Card is not included.

Thank you for supporting small businesses!",28.74,USD,5,"Pokémon,Pokemon,Collectibles,Custom_Card_Display,Pokemon_Card_Art,Trading_Card_Frame,Pokémon_Art_Slab,Slab,Custom_Art,Extended_Art_Slab,Extended_Pokemon_Art,Screwdown_Slab,Card_Protector","Acrylic Screwdown Case,Thick Paper,Glossy Paper,Photo Paper",https://i.etsystatic.com/56175595/r/il/b9a032/7786516337/il_fullxfull.7786516337_srx7.jpg,https://i.etsystatic.com/56175595/r/il/fd4da5/6822695557/il_fullxfull.6822695557_cfu0.jpg,,,,,,,,,"Custom Property",Style,"Art + Screwdown Case,Art Print Only",,,,
"Pikachu 153 Scarlet & Violet Chinese Promo | Custom Pokémon Artwork Display Slab","Protect and display your full art Pikachu promo from Chinese Scarlet & Violet with this premium extended art slab! Each slab features a custom-designed and hand-cut art insert, printed on professional durable, glossy paper. Perfect for showcasing your favorite card while preserving its value!

Note: Card is not included.

Thank you for supporting small businesses!",28.74,USD,5,"Pokémon,Pokemon,Collectibles,Custom_Card_Display,Pokemon_Card_Art,Trading_Card_Frame,Pokémon_Art_Slab,Slab,Custom_Art,Extended_Art_Slab,Extended_Pokemon_Art,Screwdown_Slab,Card_Protector","Acrylic Screwdown Case,Thick Paper,Glossy Paper,Photo Paper",https://i.etsystatic.com/56175595/r/il/1c3a01/7729575614/il_fullxfull.7729575614_n2eq.jpg,https://i.etsystatic.com/56175595/r/il/fd4da5/6822695557/il_fullxfull.6822695557_cfu0.jpg,,,,,,,,,"Custom Property",Style,"Art + Screwdown Case,Art Print Only",,,,
"Sylveon VMAX 212/203 Evolving Skies | Custom Pokémon Artwork Display Slab","Protect and display your full art Sylveon VMAX from Sword & Shield's Evolving Skies with this premium extended art slab! Each slab features a custom-designed and hand-cut art insert, printed on professional durable, glossy paper. Perfect for showcasing your favorite card while preserving its value!

Note: Card is not included.

Thank you for supporting small businesses!",28.74,USD,5,"Pokémon,Pokemon,Collectibles,Custom_Card_Display,Pokemon_Card_Art,Trading_Card_Frame,Pokémon_Art_Slab,Slab,Custom_Art,Extended_Art_Slab,Extended_Pokemon_Art,Screwdown_Slab,Card_Protector","Acrylic Screwdown Case,Thick Paper,Glossy Paper,Photo Paper",https://i.etsystatic.com/56175595/r/il/7b5cf6/7729276674/il_fullxfull.7729276674_m0qm.jpg,https://i.etsystatic.com/56175595/r/il/fd4da5/6822695557/il_fullxfull.6822695557_cfu0.jpg,,,,,,,,,"Custom Property",Style,"Art + Screwdown Case,Art Print Only",,,,
"Lugia V 138/195 Silver Tempest | Custom Pokémon Artwork Display Slab","Protect and display your full art Lugia V from Silver Tempest with this premium extended art slab! Each slab features a custom-designed and hand-cut art insert, printed on professional durable, glossy paper. Perfect for showcasing your favorite card while preserving its value!

Note: Card is not included.

Thank you for supporting small businesses!",28.74,USD,4,"Pokémon,Pokemon,Collectibles,Custom_Card_Display,Pokemon_Card_Art,Trading_Card_Frame,Pokémon_Art_Slab,Slab,Custom_Art,Extended_Art_Slab,Extended_Pokemon_Art,Screwdown_Slab,Card_Protector",,https://i.etsystatic.com/56175595/r/il/a21395/7777518873/il_fullxfull.7777518873_kirg.jpg,https://i.etsystatic.com/56175595/r/il/b6f2c8/6774676166/il_fullxfull.6774676166_3won.jpg,,,,,,,,,"Custom Property",Style,"Art + Screwdown Case,Art Print Only",,,,
"Lugia V 186/195 Silver Tempest | Custom Pokémon Artwork Display Slab","Protect and display your full art Lugia V from Silver Tempest with this premium extended art slab! Each slab features a custom-designed and hand-cut art insert, printed on professional durable, glossy paper. Perfect for showcasing your favorite card while preserving its value!

Note: Card is not included.

Thank you for supporting small businesses!",28.74,USD,4,"Pokémon,Pokemon,Collectibles,Custom_Card_Display,Pokemon_Card_Art,Trading_Card_Frame,Pokémon_Art_Slab,Slab,Custom_Art,Extended_Art_Slab,Extended_Pokemon_Art,Screwdown_Slab,Card_Protector",,https://i.etsystatic.com/56175595/r/il/8980af/7729534792/il_fullxfull.7729534792_o3vr.jpg,https://i.etsystatic.com/56175595/r/il/b6f2c8/6774676166/il_fullxfull.6774676166_3won.jpg,,,,,,,,,"Custom Property",Style,"Art + Screwdown Case,Art Print Only",,,,
"Gardevoir/Sylveon GX 130/214 Unbroken Bonds | Custom Pokémon Artwork Display Slab","Protect and display your full art Gardevoir & Sylveon GX from Unbroken Bonds with this premium extended art slab! Each slab features a custom-designed and hand-cut art insert, printed on professional durable, glossy paper. Perfect for showcasing your favorite card while preserving its value!

Note: Card is not included.

Thank you for supporting small businesses!",28.74,USD,5,"Pokémon,Pokemon,Collectibles,Custom_Card_Display,Pokemon_Card_Art,Trading_Card_Frame,Pokémon_Art_Slab,Slab,Custom_Art,Extended_Art_Slab,Extended_Pokemon_Art,Screwdown_Slab,Card_Protector","Acrylic Screwdown Case,Thick Paper,Glossy Paper,Photo Paper",https://i.etsystatic.com/56175595/r/il/edd913/7777530133/il_fullxfull.7777530133_jmlp.jpg,https://i.etsystatic.com/56175595/r/il/fd4da5/6822695557/il_fullxfull.6822695557_cfu0.jpg,,,,,,,,,"Custom Property",Style,"Art + Screwdown Case,Art Print Only",,,,
"Glaceon VMAX 209/203 Evolving Skies | Custom Pokémon Artwork Display Slab","Protect and display your full art Glaceon VMAX from Sword & Shield's Evolving Skies with this premium extended art slab! Each slab features a custom-designed and hand-cut art insert, printed on professional durable, glossy paper. Perfect for showcasing your favorite card while preserving its value!

Note: Card is not included.

Thank you for supporting small businesses!",28.74,USD,5,"Pokémon,Pokemon,Collectibles,Custom_Card_Display,Pokemon_Card_Art,Trading_Card_Frame,Pokémon_Art_Slab,Slab,Custom_Art,Extended_Art_Slab,Extended_Pokemon_Art,Screwdown_Slab,Card_Protector","Acrylic Screwdown Case,Thick Paper,Glossy Paper,Photo Paper",https://i.etsystatic.com/56175595/r/il/970fc0/7777214857/il_fullxfull.7777214857_by8e.jpg,https://i.etsystatic.com/56175595/r/il/fd4da5/6822695557/il_fullxfull.6822695557_cfu0.jpg,,,,,,,,,"Custom Property",Style,"Art + Screwdown Case,Art Print Only",,,,
"Leafeon VMAX 205/203 Evolving Skies | Custom Pokémon Artwork Display Slab","Protect and display your full art Leafeon VMAX from Sword & Shield's Evolving Skies with this premium extended art slab! Each slab features a custom-designed and hand-cut art insert, printed on professional durable, glossy paper. Perfect for showcasing your favorite card while preserving its value!

Note: Card is not included.

Thank you for supporting small businesses!",28.74,USD,5,"Pokémon,Pokemon,Collectibles,Custom_Card_Display,Pokemon_Card_Art,Trading_Card_Frame,Pokémon_Art_Slab,Slab,Custom_Art,Extended_Art_Slab,Extended_Pokemon_Art,Screwdown_Slab,Card_Protector","Acrylic Screwdown Case,Thick Paper,Glossy Paper,Photo Paper",https://i.etsystatic.com/56175595/r/il/fcd889/7729263836/il_fullxfull.7729263836_jl3z.jpg,https://i.etsystatic.com/56175595/r/il/fd4da5/6822695557/il_fullxfull.6822695557_cfu0.jpg,,,,,,,,,"Custom Property",Style,"Art + Screwdown Case,Art Print Only",,,,
"Ancient Mew The Power of One Movie Promo | Custom Pokémon Artwork Display Slab","Protect and display your Ancient Mew Promo from Pokémon the Movie 2000: The Power of One with this premium extended art slab! Each slab features a custom-designed and hand-cut art insert, printed on professional durable, glossy paper. Perfect for showcasing your favorite card while preserving its value!

Note: Card is not included.

Thank you for supporting small businesses!",28.74,USD,5,"Pokémon,Pokemon,Collectibles,Custom_Card_Display,Pokemon_Card_Art,Trading_Card_Frame,Pokémon_Art_Slab,Slab,Custom_Art,Extended_Art_Slab,Extended_Pokemon_Art,Screwdown_Slab,Card_Protector","Acrylic Screwdown Case,Thick Paper,Glossy Paper,Photo Paper",https://i.etsystatic.com/56175595/r/il/abdfa2/7729300306/il_fullxfull.7729300306_92i6.jpg,https://i.etsystatic.com/56175595/r/il/fd4da5/6822695557/il_fullxfull.6822695557_cfu0.jpg,,,,,,,,,"Custom Property",Style,"Art + Screwdown Case,Art Print Only",,,,
"Vaporeon VMAX SWSH182 Sword & Shield Promo | Custom Pokémon Artwork Display Slab","Protect and display your full art Vaporeon VMAX from Sword & Shield with this premium extended art slab! Each slab features a custom-designed and hand-cut art insert, printed on professional durable, glossy paper. Perfect for showcasing your favorite card while preserving its value!

Note: Card is not included.

Thank you for supporting small businesses!",28.74,USD,5,"Pokémon,Pokemon,Collectibles,Custom_Card_Display,Pokemon_Card_Art,Trading_Card_Frame,Pokémon_Art_Slab,Slab,Custom_Art,Extended_Art_Slab,Extended_Pokemon_Art,Screwdown_Slab,Card_Protector","Acrylic Screwdown Case,Thick Paper,Glossy Paper,Photo Paper",https://i.etsystatic.com/56175595/r/il/121855/7777232825/il_fullxfull.7777232825_hupl.jpg,https://i.etsystatic.com/56175595/r/il/fd4da5/6822695557/il_fullxfull.6822695557_cfu0.jpg,,,,,,,,,"Custom Property",Style,"Art + Screwdown Case,Art Print Only",,,,
"Flareon VMAX SWSH180 Sword & Shield Promo | Custom Pokémon Artwork Display Slab","Protect and display your full art Flareon VMAX from Sword & Shield with this premium extended art slab! Each slab features a custom-designed and hand-cut art insert, printed on professional durable, glossy paper. Perfect for showcasing your favorite card while preserving its value!

Note: Card is not included.

Thank you for supporting small businesses!",28.74,USD,5,"Pokémon,Pokemon,Collectibles,Custom_Card_Display,Pokemon_Card_Art,Trading_Card_Frame,Pokémon_Art_Slab,Slab,Custom_Art,Extended_Art_Slab,Extended_Pokemon_Art,Screwdown_Slab,Card_Protector","Acrylic Screwdown Case,Thick Paper,Glossy Paper,Photo Paper",https://i.etsystatic.com/56175595/r/il/1d8779/7729283368/il_fullxfull.7729283368_9h3s.jpg,https://i.etsystatic.com/56175595/r/il/fd4da5/6822695557/il_fullxfull.6822695557_cfu0.jpg,,,,,,,,,"Custom Property",Style,"Art + Screwdown Case,Art Print Only",,,,
"Espeon VMAX 270/264 Fusion Strike | Custom Pokémon Artwork Display Slab","Protect and display your full art Espeon VMAX from Sword & Shield's Fusion Strike with this premium extended art slab! Each slab features a custom-designed and hand-cut art insert, printed on professional durable, glossy paper. Perfect for showcasing your favorite card while preserving its value!

Note: Card is not included.

Thank you for supporting small businesses!",28.74,USD,5,"Pokémon,Pokemon,Collectibles,Custom_Card_Display,Pokemon_Card_Art,Trading_Card_Frame,Pokémon_Art_Slab,Slab,Custom_Art,Extended_Art_Slab,Extended_Pokemon_Art,Screwdown_Slab,Card_Protector","Acrylic Screwdown Case,Thick Paper,Glossy Paper,Photo Paper",https://i.etsystatic.com/56175595/r/il/ff88bc/7729277844/il_fullxfull.7729277844_312w.jpg,https://i.etsystatic.com/56175595/r/il/fd4da5/6822695557/il_fullxfull.6822695557_cfu0.jpg,,,,,,,,,"Custom Property",Style,"Art + Screwdown Case,Art Print Only",,,,
"Giratina V 186/196 Lost Origin | Custom Pokémon Artwork Display Slab","Protect and display your full art Giratina V from Sword & Shield's Lost Origin with this premium extended art slab! Each slab features a custom-designed and hand-cut art insert, printed on professional durable, glossy paper. Perfect for showcasing your favorite card while preserving its value!

Note: Card is not included.

Thank you for supporting small businesses!",28.74,USD,4,"Pokémon,Pokemon,Collectibles,Custom_Card_Display,Pokemon_Card_Art,Trading_Card_Frame,Pokémon_Art_Slab,Slab,Custom_Art,Extended_Art_Slab,Extended_Pokemon_Art,Screwdown_Slab,Card_Protector","Acrylic Screwdown Case,Thick Paper,Glossy Paper,Photo Paper",https://i.etsystatic.com/56175595/r/il/6e7681/7618824850/il_fullxfull.7618824850_tk7o.jpg,https://i.etsystatic.com/56175595/r/il/537a13/7627541452/il_fullxfull.7627541452_39bg.jpg,,,,,,,,,"Custom Property",Style,"Art + Screwdown Case,Art Print Only",,,,
"Umbreon ex 161/131 Prismatic Evolutions | Custom Pokémon Artwork Display Slab","Protect and display your Umbreon ex from Prismatic Evolutions with this premium extended art slab. Each slab features a custom-designed art insert, printed on durable, glossy paper. Perfect for showcasing your favorite card while preserving its value!

Note: Card is not included.

Thank you for supporting small businesses!",28.74,USD,4,"Pokémon,Pokemon,Collectibles,Custom_Card_Display,Pokemon_Card_Art,Trading_Card_Frame,Pokémon_Art_Slab,Slab,Custom_Art,Extended_Art_Slab,Extended_Pokemon_Art,Screwdown_Slab,Card_Protector","Acrylic Screwdown Case,Thick and Glossy Professional Paper",https://i.etsystatic.com/56175595/r/il/a678ea/7781521453/il_fullxfull.7781521453_2x81.jpg,https://i.etsystatic.com/56175595/r/il/a263e9/6774682006/il_fullxfull.6774682006_9h4h.jpg,,,,,,,,,"Custom Property",Style,"Art + Screwdown Case,Art Print Only",,,,
"Latias & Latios GX 170/181 Team Up | Custom Pokémon Artwork Display Slab","Protect and display your full art Latias & Latios GX from Team Up with this premium extended art slab! Each slab features a custom-designed and hand-cut art insert, printed on professional durable, glossy paper. Perfect for showcasing your favorite card while preserving its value!

Note: Card is not included.

Thank you for supporting small businesses!",28.74,USD,4,"Pokémon,Pokemon,Collectibles,Custom_Card_Display,Pokemon_Card_Art,Trading_Card_Frame,Pokémon_Art_Slab,Slab,Custom_Art,Extended_Art_Slab,Extended_Pokemon_Art,Screwdown_Slab,Card_Protector",,https://i.etsystatic.com/56175595/r/il/589a50/7726933392/il_fullxfull.7726933392_k3ws.jpg,https://i.etsystatic.com/56175595/r/il/b6f2c8/6774676166/il_fullxfull.6774676166_3won.jpg,,,,,,,,,"Custom Property",Style,"Art + Screwdown Case,Art Print Only",,,,
"Braixen TG01 Silver Tempest | Custom Pokémon Artwork Display Slab","Protect and display your full art Braixen from Silver Tempest with this premium extended art slab! Each slab features a custom-designed and hand-cut art insert, printed on professional durable, glossy paper. Perfect for showcasing your favorite card while preserving its value!

Note: Card is not included.

Thank you for supporting small businesses!",28.74,USD,4,"Pokémon,Pokemon,Collectibles,Custom_Card_Display,Pokemon_Card_Art,Trading_Card_Frame,Pokémon_Art_Slab,Slab,Custom_Art,Extended_Art_Slab,Extended_Pokemon_Art,Screwdown_Slab,Card_Protector",,https://i.etsystatic.com/56175595/r/il/f2d16b/7726914176/il_fullxfull.7726914176_72te.jpg,https://i.etsystatic.com/56175595/r/il/b6f2c8/6774676166/il_fullxfull.6774676166_3won.jpg,,,,,,,,,"Custom Property",Style,"Art + Screwdown Case,Art Print Only",,,,
"Mega Scrafty ex 241/193 Mega Dream | Custom Pokémon Artwork Display Slab","Protect and display your full art Mega Scrafty ex from Mega Dream with this premium extended art slab! Each slab features a custom-designed and hand-cut art insert, printed on professional durable, glossy paper. Perfect for showcasing your favorite card while preserving its value!

Note: Card is not included.

Thank you for supporting small businesses!",28.74,USD,4,"Pokémon,Pokemon,Collectibles,Custom_Card_Display,Pokemon_Card_Art,Trading_Card_Frame,Pokémon_Art_Slab,Slab,Custom_Art,Extended_Art_Slab,Extended_Pokemon_Art,Screwdown_Slab,Card_Protector",,https://i.etsystatic.com/56175595/r/il/4a349a/7618661037/il_fullxfull.7618661037_mh3m.jpg,https://i.etsystatic.com/56175595/r/il/b6f2c8/6774676166/il_fullxfull.6774676166_3won.jpg,,,,,,,,,"Custom Property",Style,"Art + Screwdown Case,Art Print Only",,,,
"Pikachu 241/236 Cosmic Eclipse | Custom Pokémon Artwork Display Slab","Protect and display your full art Pikachu from Cosmic Eclipse with this premium extended art slab! Each slab features a custom-designed and hand-cut art insert, printed on professional durable, glossy paper. Perfect for showcasing your favorite card while preserving its value!

Note: Card is not included.

Thank you for supporting small businesses!",28.74,USD,4,"Pokémon,Pokemon,Collectibles,Custom_Card_Display,Pokemon_Card_Art,Trading_Card_Frame,Pokémon_Art_Slab,Slab,Custom_Art,Extended_Art_Slab,Extended_Pokemon_Art,Screwdown_Slab,Card_Protector",,https://i.etsystatic.com/56175595/r/il/797a57/7754051841/il_fullxfull.7754051841_tdzx.jpg,https://i.etsystatic.com/56175595/r/il/b6f2c8/6774676166/il_fullxfull.6774676166_3won.jpg,,,,,,,,,"Custom Property",Style,"Art + Screwdown Case,Art Print Only",,,,
"Hisuian Zoroark VSTAR ex GG56 Crown Zenith | Custom Pokémon Artwork Display Slab","Protect and display your full art Hisuian Zoroark VSTAR from Crown Zenith with this premium extended art slab! Each slab features a custom-designed and hand-cut art insert, printed on professional durable, glossy paper. Perfect for showcasing your favorite card while preserving its value!

Note: Card is not included.

Thank you for supporting small businesses!",28.74,USD,4,"Pokémon,Pokemon,Collectibles,Custom_Card_Display,Pokemon_Card_Art,Trading_Card_Frame,Pokémon_Art_Slab,Slab,Custom_Art,Extended_Art_Slab,Extended_Pokemon_Art,Screwdown_Slab,Card_Protector",,https://i.etsystatic.com/56175595/r/il/67b666/7706096172/il_fullxfull.7706096172_l3qv.jpg,https://i.etsystatic.com/56175595/r/il/b6f2c8/6774676166/il_fullxfull.6774676166_3won.jpg,,,,,,,,,"Custom Property",Style,"Art + Screwdown Case,Art Print Only",,,,
"Mesprit 204/191 Surging Sparks | Custom Pokémon Artwork Display Slab","Protect and display your full art Mesprit from Surging Sparks with this premium extended art slab! Each slab features a custom-designed and hand-cut art insert, printed on professional durable, glossy paper. Perfect for showcasing your favorite card while preserving its value!

Note: Card is not included.

Thank you for supporting small businesses!",28.74,USD,4,"Pokémon,Pokemon,Collectibles,Custom_Card_Display,Pokemon_Card_Art,Trading_Card_Frame,Pokémon_Art_Slab,Slab,Custom_Art,Extended_Art_Slab,Extended_Pokemon_Art,Screwdown_Slab,Card_Protector",,https://i.etsystatic.com/56175595/r/il/323bc2/7675706866/il_fullxfull.7675706866_l84f.jpg,https://i.etsystatic.com/56175595/r/il/b6f2c8/6774676166/il_fullxfull.6774676166_3won.jpg,,,,,,,,,"Custom Property",Style,"Art + Screwdown Case,Art Print Only",,,,
"Oricorio ex 024/132 Mega Evolution Promo | Custom Pokémon Artwork Display Slab","Protect and display your full art Oricorio ex from Mega Evolution with this premium extended art slab! Each slab features a custom-designed and hand-cut art insert, printed on professional durable, glossy paper. Perfect for showcasing your favorite card while preserving its value!

Note: Card is not included.

Thank you for supporting small businesses!",28.74,USD,4,"Pokémon,Pokemon,Collectibles,Custom_Card_Display,Pokemon_Card_Art,Trading_Card_Frame,Pokémon_Art_Slab,Slab,Custom_Art,Extended_Art_Slab,Extended_Pokemon_Art,Screwdown_Slab,Card_Protector",,https://i.etsystatic.com/56175595/r/il/548241/7723660691/il_fullxfull.7723660691_j7ja.jpg,https://i.etsystatic.com/56175595/r/il/b6f2c8/6774676166/il_fullxfull.6774676166_3won.jpg,,,,,,,,,"Custom Property",Style,"Art + Screwdown Case,Art Print Only",,,,
"Mega Eelektross ex 272/217 Ascended Heroes | Custom Pokémon Artwork Display Slab","Protect and display your full art Mega Eelektross ex from Ascended Heroes with this premium extended art slab! Each slab features a custom-designed and hand-cut art insert, printed on professional durable, glossy paper. Perfect for showcasing your favorite card while preserving its value!

Note: Card is not included.

Thank you for supporting small businesses!",28.74,USD,4,"Pokémon,Pokemon,Collectibles,Custom_Card_Display,Pokemon_Card_Art,Trading_Card_Frame,Pokémon_Art_Slab,Slab,Custom_Art,Extended_Art_Slab,Extended_Pokemon_Art,Screwdown_Slab,Card_Protector",,https://i.etsystatic.com/56175595/r/il/5eb650/7724593613/il_fullxfull.7724593613_35pe.jpg,https://i.etsystatic.com/56175595/r/il/b6f2c8/6774676166/il_fullxfull.6774676166_3won.jpg,,,,,,,,,"Custom Property",Style,"Art + Screwdown Case,Art Print Only",,,,
"Mega Froslass ex 275/217 Ascended Heroes | Custom Pokémon Artwork Display Slab","Protect and display your full art Mega Froslass ex from Ascended Heroes with this premium extended art slab! Each slab features a custom-designed and hand-cut art insert, printed on professional durable, glossy paper. Perfect for showcasing your favorite card while preserving its value!

Note: Card is not included.

Thank you for supporting small businesses!",28.74,USD,4,"Pokémon,Pokemon,Collectibles,Custom_Card_Display,Pokemon_Card_Art,Trading_Card_Frame,Pokémon_Art_Slab,Slab,Custom_Art,Extended_Art_Slab,Extended_Pokemon_Art,Screwdown_Slab,Card_Protector",,https://i.etsystatic.com/56175595/r/il/bd67d2/7723645435/il_fullxfull.7723645435_4j44.jpg,https://i.etsystatic.com/56175595/r/il/b6f2c8/6774676166/il_fullxfull.6774676166_3won.jpg,,,,,,,,,"Custom Property",Style,"Art + Screwdown Case,Art Print Only",,,,
"Mega Emboar ex 273/217 Ascended Heroes | Custom Pokémon Artwork Display Slab","Protect and display your full art Mega Emboar ex from Ascended Heroes with this premium extended art slab! Each slab features a custom-designed and hand-cut art insert, printed on professional durable, glossy paper. Perfect for showcasing your favorite card while preserving its value!

Note: Card is not included.

Thank you for supporting small businesses!",28.74,USD,4,"Pokémon,Pokemon,Collectibles,Custom_Card_Display,Pokemon_Card_Art,Trading_Card_Frame,Pokémon_Art_Slab,Slab,Custom_Art,Extended_Art_Slab,Extended_Pokemon_Art,Screwdown_Slab,Card_Protector",,https://i.etsystatic.com/56175595/r/il/a3b854/7675700202/il_fullxfull.7675700202_bfsw.jpg,https://i.etsystatic.com/56175595/r/il/b6f2c8/6774676166/il_fullxfull.6774676166_3won.jpg,,,,,,,,,"Custom Property",Style,"Art + Screwdown Case,Art Print Only",,,,
"Tapu Koko ex 247/182 Paradox Rift | Custom Pokémon Artwork Display Slab","Protect and display your full art Tapu Koko ex from Paradox Rift with this premium extended art slab! Each slab features a custom-designed and hand-cut art insert, printed on professional durable, glossy paper. Perfect for showcasing your favorite card while preserving its value!

Note: Card is not included.

Thank you for supporting small businesses!",28.74,USD,4,"Pokémon,Pokemon,Collectibles,Custom_Card_Display,Pokemon_Card_Art,Trading_Card_Frame,Pokémon_Art_Slab,Slab,Custom_Art,Extended_Art_Slab,Extended_Pokemon_Art,Screwdown_Slab,Card_Protector",,https://i.etsystatic.com/56175595/r/il/32dbe7/7696184189/il_fullxfull.7696184189_j9mg.jpg,https://i.etsystatic.com/56175595/r/il/b6f2c8/6774676166/il_fullxfull.6774676166_3won.jpg,,,,,,,,,"Custom Property",Style,"Art + Screwdown Case,Art Print Only",,,,
"Mega Gengar ex 284/217 Ascended Heroes | Custom Pokémon Artwork Display Slab","Protect and display your full art Mega Gengar ex from Ascended Heroes with this premium extended art slab! Each slab features a custom-designed and hand-cut art insert, printed on professional durable, glossy paper. Perfect for showcasing your favorite card while preserving its value!

Note: Card is not included.

Thank you for supporting small businesses!",28.74,USD,3,"Pokémon,Pokemon,Collectibles,Custom_Card_Display,Pokemon_Card_Art,Trading_Card_Frame,Pokémon_Art_Slab,Slab,Custom_Art,Extended_Art_Slab,Extended_Pokemon_Art,Screwdown_Slab,Card_Protector",,https://i.etsystatic.com/56175595/r/il/7b83f4/7699347485/il_fullxfull.7699347485_1qti.jpg,https://i.etsystatic.com/56175595/r/il/b6f2c8/6774676166/il_fullxfull.6774676166_3won.jpg,,,,,,,,,"Custom Property",Style,"Art + Screwdown Case,Art Print Only",,,,
"Carmine 217/167 Twilight Masquerade | Custom Pokémon Artwork Display Slab","Protect and display your full art Carmine from Twilight Masquerade with this premium extended art slab! Each slab features a custom-designed and hand-cut art insert, printed on professional durable, glossy paper. Perfect for showcasing your favorite card while preserving its value!

Note: Card is not included.

Thank you for supporting small businesses!",28.74,USD,3,"Pokémon,Pokemon,Collectibles,Custom_Card_Display,Pokemon_Card_Art,Trading_Card_Frame,Pokémon_Art_Slab,Slab,Custom_Art,Extended_Art_Slab,Extended_Pokemon_Art,Screwdown_Slab,Card_Protector",,https://i.etsystatic.com/56175595/r/il/2d8c9c/7706847801/il_fullxfull.7706847801_ngo3.jpg,https://i.etsystatic.com/56175595/r/il/b6f2c8/6774676166/il_fullxfull.6774676166_3won.jpg,,,,,,,,,"Custom Property",Style,"Art + Screwdown Case,Art Print Only",,,,
"Wigglytuff 105/094 Phantasmal Flames | Custom Pokémon Artwork Display Slab","Protect and display your full art Wigglytuff from Phantasmal Flames with this premium extended art slab! Each slab features a custom-designed and hand-cut art insert, printed on professional durable, glossy paper. Perfect for showcasing your favorite card while preserving its value!

Note: Card is not included.

Thank you for supporting small businesses!",28.74,USD,3,"Pokémon,Pokemon,Collectibles,Custom_Card_Display,Pokemon_Card_Art,Trading_Card_Frame,Pokémon_Art_Slab,Slab,Custom_Art,Extended_Art_Slab,Extended_Pokemon_Art,Screwdown_Slab,Card_Protector",,https://i.etsystatic.com/56175595/r/il/f633c9/7651382714/il_fullxfull.7651382714_jnrw.jpg,https://i.etsystatic.com/56175595/r/il/b6f2c8/6774676166/il_fullxfull.6774676166_3won.jpg,,,,,,,,,"Custom Property",Style,"Art + Screwdown Case,Art Print Only",,,,
"Mega Blastoise EX 102/108 XY Evolutions | Custom Pokémon Artwork Display Slab","Protect and display your full art Mega Blastoise EX from XY Evolutions with this premium extended art slab! Each slab features a custom-designed and hand-cut art insert, printed on professional durable, glossy paper. Perfect for showcasing your favorite card while preserving its value!

Note: Card is not included.

Thank you for supporting small businesses!",28.74,USD,5,"Pokémon,Pokemon,Collectibles,Custom_Card_Display,Pokemon_Card_Art,Trading_Card_Frame,Pokémon_Art_Slab,Slab,Custom_Art,Extended_Art_Slab,Extended_Pokemon_Art,Screwdown_Slab,Card_Protector","Acrylic,Acrylic Screwdown Case,Thick Paper,Glossy Paper,Photo Paper",https://i.etsystatic.com/56175595/r/il/9317fa/7801125177/il_fullxfull.7801125177_qoyq.jpg,https://i.etsystatic.com/56175595/r/il/ea2b2e/6822693829/il_fullxfull.6822693829_98ng.jpg,,,,,,,,,"Custom Property",Style,"Art + Screwdown Case,Art Print Only",,,,
"Team Rocket's Mewtwo ex 231/182 Destined Rivals | Custom Pokémon Artwork Display Slab","Protect and display your full art Team Rocket's Mewtwo ex from Destined Rivals with this premium extended art slab! Each slab features a custom-designed and hand-cut art insert, printed on professional durable, glossy paper. Perfect for showcasing your favorite card while preserving its value!

Note: Card is not included.

Thank you for supporting small businesses!",28.74,USD,3,"Pokémon,Pokemon,Collectibles,Custom_Card_Display,Pokemon_Card_Art,Trading_Card_Frame,Pokémon_Art_Slab,Slab,Custom_Art,Extended_Art_Slab,Extended_Pokemon_Art,Screwdown_Slab,Card_Protector",,https://i.etsystatic.com/56175595/r/il/47d125/7691489509/il_fullxfull.7691489509_40wf.jpg,https://i.etsystatic.com/56175595/r/il/b6f2c8/6774676166/il_fullxfull.6774676166_3won.jpg,,,,,,,,,"Custom Property",Style,"Art + Screwdown Case,Art Print Only",,,,
"Mew 053 Scarlet & Violet Promo | Custom Pokémon Artwork Display Slab","Protect and display your full art Mew promo from Scarlet and Violet with this premium extended art slab! Each slab features a custom-designed and hand-cut art insert, printed on professional durable, glossy paper. Perfect for showcasing your favorite card while preserving its value!

Note: Card is not included.

Thank you for supporting small businesses!",28.74,USD,4,"Pokémon,Pokemon,Collectibles,Custom_Card_Display,Pokemon_Card_Art,Trading_Card_Frame,Pokémon_Art_Slab,Slab,Custom_Art,Extended_Art_Slab,Extended_Pokemon_Art,Screwdown_Slab,Card_Protector",,https://i.etsystatic.com/56175595/r/il/149ae6/7815117261/il_fullxfull.7815117261_41bq.jpg,https://i.etsystatic.com/56175595/r/il/b6f2c8/6774676166/il_fullxfull.6774676166_3won.jpg,,,,,,,,,"Custom Property",Style,"Art + Screwdown Case,Art Print Only",,,,
"Mew EX RC24 Legendary Treasures | Custom Pokémon Artwork Display Slab","Protect and display your full art Mew EX from Legendary Treasures with this premium extended art slab! Each slab features a custom-designed and hand-cut art insert, printed on professional durable, glossy paper. Perfect for showcasing your favorite card while preserving its value!

Note: Card is not included.

Thank you for supporting small businesses!",28.74,USD,5,"Pokémon,Pokemon,Collectibles,Custom_Card_Display,Pokemon_Card_Art,Trading_Card_Frame,Pokémon_Art_Slab,Slab,Custom_Art,Extended_Art_Slab,Extended_Pokemon_Art,Screwdown_Slab,Card_Protector","Acrylic,Acrylic Screwdown Case,Thick Paper,Glossy Paper,Photo Paper",https://i.etsystatic.com/56175595/r/il/685d94/6782730209/il_fullxfull.6782730209_r6ee.jpg,https://i.etsystatic.com/56175595/r/il/ea2b2e/6822693829/il_fullxfull.6822693829_98ng.jpg,,,,,,,,,"Custom Property",Style,"Art + Screwdown Case,Art Print Only",,,,
"Reshiram RC22 Legendary Treasures | Custom Pokémon Artwork Display Slab","Protect and display your full art Reshiram from Legendary Treasures with this premium extended art slab! Each slab features a custom-designed and hand-cut art insert, printed on professional durable, glossy paper. Perfect for showcasing your favorite card while preserving its value!

Note: Card is not included.

Thank you for supporting small businesses!",28.74,USD,5,"Pokémon,Pokemon,Collectibles,Custom_Card_Display,Pokemon_Card_Art,Trading_Card_Frame,Pokémon_Art_Slab,Slab,Custom_Art,Extended_Art_Slab,Extended_Pokemon_Art,Screwdown_Slab,Card_Protector","Acrylic,Acrylic Screwdown Case,Thick Paper,Glossy Paper,Photo Paper",https://i.etsystatic.com/56175595/r/il/b5a4c4/7656533561/il_fullxfull.7656533561_e4an.jpg,https://i.etsystatic.com/56175595/r/il/ea2b2e/6822693829/il_fullxfull.6822693829_98ng.jpg,,,,,,,,,"Custom Property",Style,"Art + Screwdown Case,Art Print Only",,,,
"Genesect ex 169/086 Black Bolt | Custom Pokémon Artwork Display Slab","Protect and display your full art Genesect ex from Black Bolt with this premium extended art slab! Each slab features a custom-designed and hand-cut art insert, printed on professional durable, glossy paper. Perfect for showcasing your favorite card while preserving its value!

Note: Card is not included.

Thank you for supporting small businesses!",28.74,USD,4,"Pokémon,Pokemon,Collectibles,Custom_Card_Display,Pokemon_Card_Art,Trading_Card_Frame,Pokémon_Art_Slab,Slab,Custom_Art,Extended_Art_Slab,Extended_Pokemon_Art,Screwdown_Slab,Card_Protector",,https://i.etsystatic.com/56175595/r/il/725874/7653202105/il_fullxfull.7653202105_n9uh.jpg,https://i.etsystatic.com/56175595/r/il/b6f2c8/6774676166/il_fullxfull.6774676166_3won.jpg,,,,,,,,,"Custom Property",Style,"Art + Screwdown Case,Art Print Only",,,,
"Mew ex 232/091 Paldean Fates | Custom Pokémon Artwork Display Slab","Protect and display your full art Mew ex from Paldean Fates with this premium extended art slab! Each slab features a custom-designed and hand-cut art insert, printed on professional durable, glossy paper. Perfect for showcasing your favorite card while preserving its value!

Note: Card is not included.

Thank you for supporting small businesses!",28.74,USD,4,"Pokémon,Pokemon,Collectibles,Custom_Card_Display,Pokemon_Card_Art,Trading_Card_Frame,Pokémon_Art_Slab,Slab,Custom_Art,Extended_Art_Slab,Extended_Pokemon_Art,Screwdown_Slab,Card_Protector",,https://i.etsystatic.com/56175595/r/il/9897d3/7600109438/il_fullxfull.7600109438_mpxr.jpg,https://i.etsystatic.com/56175595/r/il/b6f2c8/6774676166/il_fullxfull.6774676166_3won.jpg,,,,,,,,,"Custom Property",Style,"Art + Screwdown Case,Art Print Only",,,,
"Gardevoir TG05 Silver Tempest | Custom Pokémon Artwork Display Slab","Protect and display your full art Gardevoir from Silver Tempest with this premium extended art slab! Each slab features a custom-designed and hand-cut art insert, printed on professional durable, glossy paper. Perfect for showcasing your favorite card while preserving its value!

Note: Card is not included.

Thank you for supporting small businesses!",28.74,USD,4,"Pokémon,Pokemon,Collectibles,Custom_Card_Display,Pokemon_Card_Art,Trading_Card_Frame,Pokémon_Art_Slab,Slab,Custom_Art,Extended_Art_Slab,Extended_Pokemon_Art,Screwdown_Slab,Card_Protector",,https://i.etsystatic.com/56175595/r/il/29cdf7/7568788328/il_fullxfull.7568788328_e6tv.jpg,https://i.etsystatic.com/56175595/r/il/b6f2c8/6774676166/il_fullxfull.6774676166_3won.jpg,,,,,,,,,"Custom Property",Style,"Art + Screwdown Case,Art Print Only",,,,
"Gardevoir ex 233/091 Paldean Fates | Custom Pokémon Artwork Display Slab","Protect and display your full art Gardevoir ex from Paldean Fates with this premium extended art slab! Each slab features a custom-designed and hand-cut art insert, printed on professional durable, glossy paper. Perfect for showcasing your favorite card while preserving its value!

Note: Card is not included.

Thank you for supporting small businesses!",28.74,USD,4,"Pokémon,Pokemon,Collectibles,Custom_Card_Display,Pokemon_Card_Art,Trading_Card_Frame,Pokémon_Art_Slab,Slab,Custom_Art,Extended_Art_Slab,Extended_Pokemon_Art,Screwdown_Slab,Card_Protector",,https://i.etsystatic.com/56175595/r/il/161fea/7568785676/il_fullxfull.7568785676_td1x.jpg,https://i.etsystatic.com/56175595/r/il/b6f2c8/6774676166/il_fullxfull.6774676166_3won.jpg,,,,,,,,,"Custom Property",Style,"Art + Screwdown Case,Art Print Only",,,,
"Cynthia's Garchomp ex 232/182 Destined Rivals | Custom Pokémon Artwork Display Slab","Protect and display your full art Cynthia's Garchomp ex from Destined Rivals with this premium extended art slab! Each slab features a custom-designed and hand-cut art insert, printed on professional durable, glossy paper. Perfect for showcasing your favorite card while preserving its value!

Note: Card is not included.

Thank you for supporting small businesses!",28.74,USD,4,"Pokémon,Pokemon,Collectibles,Custom_Card_Display,Pokemon_Card_Art,Trading_Card_Frame,Pokémon_Art_Slab,Slab,Custom_Art,Extended_Art_Slab,Extended_Pokemon_Art,Screwdown_Slab,Card_Protector",,https://i.etsystatic.com/56175595/r/il/d0b8b2/7568783562/il_fullxfull.7568783562_s41n.jpg,https://i.etsystatic.com/56175595/r/il/b6f2c8/6774676166/il_fullxfull.6774676166_3won.jpg,,,,,,,,,"Custom Property",Style,"Art + Screwdown Case,Art Print Only",,,,
"Origin Forme Palkia V 167/189 Astral Radiance | Custom Pokémon Artwork Display Slab","Protect and display your full art Origin Form Palkia V from Sword & Shield's Astral Radiance with this premium extended art slab! Each slab features a custom-designed and hand-cut art insert, printed on professional durable, glossy paper. Perfect for showcasing your favorite card while preserving its value!

Note: Card is not included.

Thank you for supporting small businesses!",28.74,USD,4,"Pokémon,Pokemon,Collectibles,Custom_Card_Display,Pokemon_Card_Art,Trading_Card_Frame,Pokémon_Art_Slab,Slab,Custom_Art,Extended_Art_Slab,Extended_Pokemon_Art,Screwdown_Slab,Card_Protector","Acrylic Screwdown Case,Thick Paper,Glossy Paper,Photo Paper",https://i.etsystatic.com/56175595/r/il/b6940b/7568780510/il_fullxfull.7568780510_5ix2.jpg,https://i.etsystatic.com/56175595/r/il/fd4da5/6822695557/il_fullxfull.6822695557_cfu0.jpg,,,,,,,,,"Custom Property",Style,"Art + Screwdown Case,Art Print Only",,,,
"Reshiram ex 166/086 White Flare | Custom Pokémon Artwork Display Slab","Protect and display your full art Reshiram ex from White Flare with this premium extended art slab! Each slab features a custom-designed and hand-cut art insert, printed on professional durable, glossy paper. Perfect for showcasing your favorite card while preserving its value!

Note: Card is not included.

Thank you for supporting small businesses!",28.74,USD,4,"Pokémon,Pokemon,Collectibles,Custom_Card_Display,Pokemon_Card_Art,Trading_Card_Frame,Pokémon_Art_Slab,Slab,Custom_Art,Extended_Art_Slab,Extended_Pokemon_Art,Screwdown_Slab,Card_Protector",,https://i.etsystatic.com/56175595/r/il/2ae2bc/7568778734/il_fullxfull.7568778734_fko8.jpg,https://i.etsystatic.com/56175595/r/il/b6f2c8/6774676166/il_fullxfull.6774676166_3won.jpg,,,,,,,,,"Custom Property",Style,"Art + Screwdown Case,Art Print Only",,,,
"Zekrom ex 166/086 Black Bolt | Custom Pokémon Artwork Display Slab","Protect and display your full art Zekrom ex from Black Bolt with this premium extended art slab! Each slab features a custom-designed and hand-cut art insert, printed on professional durable, glossy paper. Perfect for showcasing your favorite card while preserving its value!

Note: Card is not included.

Thank you for supporting small businesses!",28.74,USD,4,"Pokémon,Pokemon,Collectibles,Custom_Card_Display,Pokemon_Card_Art,Trading_Card_Frame,Pokémon_Art_Slab,Slab,Custom_Art,Extended_Art_Slab,Extended_Pokemon_Art,Screwdown_Slab,Card_Protector",,https://i.etsystatic.com/56175595/r/il/9c3754/7568773648/il_fullxfull.7568773648_1bkj.jpg,https://i.etsystatic.com/56175595/r/il/b6f2c8/6774676166/il_fullxfull.6774676166_3won.jpg,,,,,,,,,"Custom Property",Style,"Art + Screwdown Case,Art Print Only",,,,
"Mega Gardevoir ex 178/132 Mega Evolution | Custom Pokémon Artwork Display Slab","Protect and display your full art Mega Gardevoir ex from Mega Evolution with this premium extended art slab! Each slab features a custom-designed and hand-cut art insert, printed on professional durable, glossy paper. Perfect for showcasing your favorite card while preserving its value!

Note: Card is not included.

Thank you for supporting small businesses!",28.74,USD,4,"Pokémon,Pokemon,Collectibles,Custom_Card_Display,Pokemon_Card_Art,Trading_Card_Frame,Pokémon_Art_Slab,Slab,Custom_Art,Extended_Art_Slab,Extended_Pokemon_Art,Screwdown_Slab,Card_Protector",,https://i.etsystatic.com/56175595/r/il/5e8863/7568764020/il_fullxfull.7568764020_qf6g.jpg,https://i.etsystatic.com/56175595/r/il/b6f2c8/6774676166/il_fullxfull.6774676166_3won.jpg,,,,,,,,,"Custom Property",Style,"Art + Screwdown Case,Art Print Only",,,,
"Mega Lucario ex 179/132 Mega Evolution | Custom Pokémon Artwork Display Slab","Protect and display your full art Mega Lucario ex from Mega Evolution with this premium extended art slab! Each slab features a custom-designed and hand-cut art insert, printed on professional durable, glossy paper. Perfect for showcasing your favorite card while preserving its value!

Note: Card is not included.

Thank you for supporting small businesses!",28.74,USD,4,"Pokémon,Pokemon,Collectibles,Custom_Card_Display,Pokemon_Card_Art,Trading_Card_Frame,Pokémon_Art_Slab,Slab,Custom_Art,Extended_Art_Slab,Extended_Pokemon_Art,Screwdown_Slab,Card_Protector",,https://i.etsystatic.com/56175595/r/il/fbf9c9/7568757928/il_fullxfull.7568757928_1zkb.jpg,https://i.etsystatic.com/56175595/r/il/b6f2c8/6774676166/il_fullxfull.6774676166_3won.jpg,,,,,,,,,"Custom Property",Style,"Art + Screwdown Case,Art Print Only",,,,
"Flareon TG01 Brilliant Stars | Custom Pokémon Artwork Display Slab","Protect and display your full art Flareon from Brilliant Stars with this premium extended art slab! Each slab features a custom-designed and hand-cut art insert, printed on professional durable, glossy paper. Perfect for showcasing your favorite card while preserving its value!

Note: Card is not included.

Thank you for supporting small businesses!",28.74,USD,4,"Pokémon,Pokemon,Collectibles,Custom_Card_Display,Pokemon_Card_Art,Trading_Card_Frame,Pokémon_Art_Slab,Slab,Custom_Art,Extended_Art_Slab,Extended_Pokemon_Art,Screwdown_Slab,Card_Protector","Acrylic Screwdown Case,Thick Paper,Glossy Paper,Photo Paper",https://i.etsystatic.com/56175595/r/il/07d007/6833459013/il_fullxfull.6833459013_2dbn.jpg,https://i.etsystatic.com/56175595/r/il/fd4da5/6822695557/il_fullxfull.6822695557_cfu0.jpg,,,,,,,,,"Custom Property",Style,"Art + Screwdown Case,Art Print Only",,,,
"Meowscarada ex 256/193 Paldea Evolved | Custom Pokémon Artwork Display Slab","Protect and display your full art Meowscarada ex from Paldea Evolved with this premium extended art slab! Each slab features a custom-designed and hand-cut art insert, printed on professional durable, glossy paper. Perfect for showcasing your favorite card while preserving its value!

Note: Card is not included.

Thank you for supporting small businesses!",28.74,USD,4,"Pokémon,Pokemon,Collectibles,Custom_Card_Display,Pokemon_Card_Art,Trading_Card_Frame,Pokémon_Art_Slab,Slab,Custom_Art,Extended_Art_Slab,Extended_Pokemon_Art,Screwdown_Slab,Card_Protector",,https://i.etsystatic.com/56175595/r/il/c3f4ba/6734788736/il_fullxfull.6734788736_bgvp.jpg,https://i.etsystatic.com/56175595/r/il/b6f2c8/6774676166/il_fullxfull.6774676166_3won.jpg,,,,,,,,,"Custom Property",Style,"Art + Screwdown Case,Art Print Only",,,,
"Radiant Greninja 046/189 Astral Radiance | Custom Pokémon Artwork Display Slab","Protect and display your Radiant Greninja from Sword & Shield's Astral RE with this premium extended art slab! Each slab features a custom-designed and hand-cut art insert, printed on professional durable, glossy paper. Perfect for showcasing your favorite card while preserving its value!

Notes: Card is not included. For Common cards with any ""Full Art"" option selected, there will be a cutout for the physical card's art.

Thank you for supporting small businesses!",28.74,USD,4,"Pokémon,Pokemon,Collectibles,Custom_Card_Display,Pokemon_Card_Art,Trading_Card_Frame,Pokémon_Art_Slab,Slab,Custom_Art,Extended_Art_Slab,Extended_Pokemon_Art,Screwdown_Slab,Card_Protector","Acrylic Screwdown Case,Thick Paper,Glossy Paper,Photo Paper",https://i.etsystatic.com/56175595/r/il/466ada/6865679779/il_fullxfull.6865679779_aaji.jpg,https://i.etsystatic.com/56175595/r/il/5b5da4/6817692932/il_fullxfull.6817692932_e81v.jpg,https://i.etsystatic.com/56175595/r/il/fd4da5/6822695557/il_fullxfull.6822695557_cfu0.jpg,,,,,,,,"Custom Property",Style,"Art + Screwdown Case,Art Print Only,Full Art + Screwdown,Full Art Print Only",,,,
"Umbreon VMAX 215/203 Evolving Skies | Custom Pokémon Artwork Display Slab","Protect and display your full art Umbreon VMAX from Sword & Shield's Evolving Skies with this premium extended art slab! Each slab features a custom-designed and hand-cut art insert, printed on professional durable, glossy paper. Perfect for showcasing your favorite card while preserving its value!

Note: Card is not included.

Thank you for supporting small businesses!",28.74,USD,5,"Pokémon,Pokemon,Collectibles,Custom_Card_Display,Pokemon_Card_Art,Trading_Card_Frame,Pokémon_Art_Slab,Slab,Custom_Art,Extended_Art_Slab,Extended_Pokemon_Art,Screwdown_Slab,Card_Protector","Acrylic Screwdown Case,Thick Paper,Glossy Paper,Photo Paper",https://i.etsystatic.com/56175595/r/il/5e1bc5/6844993211/il_fullxfull.6844993211_2jel.jpg,https://i.etsystatic.com/56175595/r/il/fd4da5/6822695557/il_fullxfull.6822695557_cfu0.jpg,,,,,,,,,"Custom Property",Style,"Art + Screwdown Case,Art Print Only",,,,
"Vaporeon TG02/TG30 Brilliant Stars | Custom Pokémon Artwork Display Slab","Protect and display your full art Vaporeon from Brilliant Stars with this premium extended art slab! Each slab features a custom-designed and hand-cut art insert, printed on professional durable, glossy paper. Perfect for showcasing your favorite card while preserving its value!

Note: Card is not included.

Thank you for supporting small businesses!",28.74,USD,5,"Pokémon,Pokemon,Collectibles,Custom_Card_Display,Pokemon_Card_Art,Trading_Card_Frame,Pokémon_Art_Slab,Slab,Custom_Art,Extended_Art_Slab,Extended_Pokemon_Art,Screwdown_Slab,Card_Protector","Acrylic Screwdown Case,Thick Paper,Glossy Paper,Photo Paper",https://i.etsystatic.com/56175595/r/il/78babe/6785703122/il_fullxfull.6785703122_i9z2.jpg,https://i.etsystatic.com/56175595/r/il/fd4da5/6822695557/il_fullxfull.6822695557_cfu0.jpg,,,,,,,,,"Custom Property",Style,"Art + Screwdown Case,Art Print Only",,,,
"Vaporeon V SWSH181 Sword & Shield Promo | Custom Pokémon Artwork Display Slab","Protect and display your full art Vaporeon V from Sword & Shield's Black Star Promos with this premium extended art slab! Each slab features a custom-designed and hand-cut art insert, printed on professional durable, glossy paper. Perfect for showcasing your favorite card while preserving its value!

Note: Card is not included.

Thank you for supporting small businesses!",28.74,USD,5,"Pokémon,Pokemon,Collectibles,Custom_Card_Display,Pokemon_Card_Art,Trading_Card_Frame,Pokémon_Art_Slab,Slab,Custom_Art,Extended_Art_Slab,Extended_Pokemon_Art,Screwdown_Slab,Card_Protector","Acrylic Screwdown Case,Thick Paper,Glossy Paper,Photo Paper",https://i.etsystatic.com/56175595/r/il/8cabbe/6785631328/il_fullxfull.6785631328_9qm5.jpg,https://i.etsystatic.com/56175595/r/il/fd4da5/6822695557/il_fullxfull.6822695557_cfu0.jpg,,,,,,,,,"Custom Property",Style,"Art + Screwdown Case,Art Print Only",,,,
"TheSlabGuy | Replacement Screwdown Case (Screws Included)","Lost, damaged, or scratched your screwdown slab and need another for your card? 

Note: Card is not included.

Thank you for supporting small businesses!",13.74,USD,5,"Pokémon,Pokemon,Collectibles,Custom_Card_Display,Pokemon_Card_Art,Trading_Card_Frame,Pokémon_Art_Slab,Slab,Custom_Art,Extended_Art_Slab,Extended_Pokemon_Art,Screwdown_Slab,Card_Protector","Acrylic Screwdown Case,Thick Paper,Glossy Paper,Photo Paper",https://i.etsystatic.com/56175595/r/il/fbcab7/6836754765/il_fullxfull.6836754765_epvr.jpg,https://i.etsystatic.com/56175595/r/il/fd4da5/6822695557/il_fullxfull.6822695557_cfu0.jpg,,,,,,,,,,,,,,,
"Charizard V SWSH260 Sword & Shield Promo | Custom Pokémon Artwork Display Slab","Protect and display your full art Charizard V from Sword & Shield's Black Star Promos with this premium extended art slab! Each slab features a custom-designed and hand-cut art insert, printed on professional durable, glossy paper. Perfect for showcasing your favorite card while preserving its value!

Note: Card is not included.

Thank you for supporting small businesses!",28.74,USD,5,"Pokémon,Pokemon,Collectibles,Custom_Card_Display,Pokemon_Card_Art,Trading_Card_Frame,Pokémon_Art_Slab,Slab,Custom_Art,Extended_Art_Slab,Extended_Pokemon_Art,Screwdown_Slab,Card_Protector","Acrylic Screwdown Case,Thick Paper,Glossy Paper,Photo Paper",https://i.etsystatic.com/56175595/r/il/8d4a42/6777127786/il_fullxfull.6777127786_qfis.jpg,https://i.etsystatic.com/56175595/r/il/fd4da5/6822695557/il_fullxfull.6822695557_cfu0.jpg,,,,,,,,,"Custom Property",Style,"Art + Screwdown Case,Art Print Only",,,,
"Darkrai VSTAR GG50 Crown Zenith | Custom Pokémon Artwork Display Slab","Protect and display your Darkrai VSTAR  from the Crown Zenith with this premium extended art slab. Each slab features a custom-designed and hand-cut art insert, printed on professional durable, glossy paper. Perfect for showcasing your favorite card while preserving its value!

Note: Card is not included.

Thank you for supporting small businesses!",28.74,USD,5,"Pokémon,Pokemon,Collectibles,Custom_Card_Display,Pokemon_Card_Art,Trading_Card_Frame,Pokémon_Art_Slab,Slab,Custom_Art,Extended_Art_Slab,Extended_Pokemon_Art,Screwdown_Slab,Card_Protector","Acrylic Screwdown Case,Thick and Glossy Professional Paper",https://i.etsystatic.com/56175595/r/il/e466da/6823403169/il_fullxfull.6823403169_ti7r.jpg,https://i.etsystatic.com/56175595/r/il/cd4b4b/6822689949/il_fullxfull.6822689949_4rc5.jpg,,,,,,,,,"Custom Property",Style,"Art + Screwdown Case,Art Print Only",,,,
"Moltres V 177/198 Chilling Reign | Custom Pokémon Artwork Display Slab","Protect and display your full art Moltres V from Chilling Reign with this premium extended art slab! Each slab features a custom-designed and hand-cut art insert, printed on professional durable, glossy paper. Perfect for showcasing your favorite card while preserving its value!

Note: Card is not included.

Thank you for supporting small businesses!",28.74,USD,5,"Pokémon,Pokemon,Collectibles,Custom_Card_Display,Pokemon_Card_Art,Trading_Card_Frame,Pokémon_Art_Slab,Slab,Custom_Art,Extended_Art_Slab,Extended_Pokemon_Art,Screwdown_Slab,Card_Protector","Acrylic Screwdown Case,Thick Paper,Glossy Paper,Photo Paper",https://i.etsystatic.com/56175595/r/il/f9aedd/6822752013/il_fullxfull.6822752013_839f.jpg,https://i.etsystatic.com/56175595/r/il/fd4da5/6822695557/il_fullxfull.6822695557_cfu0.jpg,,,,,,,,,"Custom Property",Style,"Art + Screwdown Case,Art Print Only",,,,
"Terapagos ex 169/131 Prismatic Evolutions | Custom Pokémon Artwork Display Slab","Protect and display your full art Terapagos ex from Terastal Festival / Prismatic Evolutions with this premium extended art slab! Each slab features a custom-designed and hand-cut art insert, printed on professional durable, glossy paper. Perfect for showcasing your favorite card while preserving its value!

Note: Card is not included.

Thank you for supporting small businesses!",28.74,USD,5,"Pokémon,Pokemon,Collectibles,Custom_Card_Display,Pokemon_Card_Art,Trading_Card_Frame,Pokémon_Art_Slab,Slab,Custom_Art,Extended_Art_Slab,Extended_Pokemon_Art,Screwdown_Slab,Card_Protector","Acrylic Screwdown Case,Thick Paper,Glossy Paper,Photo Paper",https://i.etsystatic.com/56175595/r/il/efbbeb/6774729348/il_fullxfull.6774729348_kkpc.jpg,https://i.etsystatic.com/56175595/r/il/936f9e/6822697663/il_fullxfull.6822697663_iqc0.jpg,,,,,,,,,"Custom Property",Style,"Art + Screwdown Case,Art Print Only",,,,
"Sylveon ex 212/187 Terastal Festival / Prismatic Evolutions | Custom Pokémon Artwork Display Slab","Protect and display your full art Sylveon ex from Terastal Festival / Prismatic Evolutions with this premium extended art slab! Each slab features a custom-designed and hand-cut art insert, printed on professional durable, glossy paper. Perfect for showcasing your favorite card while preserving its value!

Note: Card is not included.

Thank you for supporting small businesses!",28.74,USD,5,"Pokémon,Pokemon,Collectibles,Custom_Card_Display,Pokemon_Card_Art,Trading_Card_Frame,Pokémon_Art_Slab,Slab,Custom_Art,Extended_Art_Slab,Extended_Pokemon_Art,Screwdown_Slab,Card_Protector","Acrylic Screwdown Case,Thick Paper,Glossy Paper,Photo Paper,Acrylic",https://i.etsystatic.com/56175595/r/il/d26497/6749421933/il_fullxfull.6749421933_2jyb.jpg,https://i.etsystatic.com/56175595/r/il/86291a/6822696807/il_fullxfull.6822696807_1ipb.jpg,,,,,,,,,"Custom Property",Style,"Art + Screwdown Case,Art Print Only",,,,
"Espeon ex 155/131 Prismatic Evolutions | Custom Pokémon Artwork Display Slab","Protect and display your beautiful full art Espeon ex from Terastal Festival / Prismatic Evolutions with this premium extended art slab. Each slab features a custom-designed art insert, printed on durable, glossy paper. Perfect for showcasing your favorite card while preserving its value!

Note: Card is not included.

Thank you for supporting small businesses!",28.74,USD,5,"Pokémon,Pokemon,Collectibles,Custom_Card_Display,Pokemon_Card_Art,Trading_Card_Frame,Pokémon_Art_Slab,Slab,Custom_Art,Extended_Art_Slab,Extended_Pokemon_Art,Screwdown_Slab,Card_Protector","Acrylic Screwdown Case,Acrylic,Thick Paper,Glossy Paper,Photo Paper",https://i.etsystatic.com/56175595/r/il/1dac60/6799799891/il_fullxfull.6799799891_h2hl.jpg,https://i.etsystatic.com/56175595/r/il/7a2adc/6774133898/il_fullxfull.6774133898_ivsp.jpg,,,,,,,,,"Custom Property",Style,"Art + Screwdown Case,Art Print Only",,,,
"Flareon ex 146/131 Prismatic Evolutions | Custom Pokémon Artwork Display Slab","Protect and display your beautiful full art Flareon ex from Terastal Festival / Prismatic Evolutions with this premium extended art slab. Each slab features a custom-designed art insert, printed on durable, glossy paper. Perfect for showcasing your favorite card while preserving its value!

Note: Card is not included.

Thank you for supporting small businesses!",28.74,USD,5,"Pokémon,Pokemon,Collectibles,Custom_Card_Display,Pokemon_Card_Art,Trading_Card_Frame,Pokémon_Art_Slab,Slab,Custom_Art,Extended_Art_Slab,Extended_Pokemon_Art,Screwdown_Slab,Card_Protector","Acrylic Screwdown Case,Acrylic,Thick Paper,Glossy Paper,Photo Paper",https://i.etsystatic.com/56175595/r/il/6297db/6799673305/il_fullxfull.6799673305_25qg.jpg,https://i.etsystatic.com/56175595/r/il/16941b/6774136948/il_fullxfull.6774136948_5cwh.jpg,,,,,,,,,"Custom Property",Style,"Art + Screwdown Case,Art Print Only",,,,
"Leafeon ex 144/131 Prismatic Evolutions | Custom Pokémon Artwork Display Slab","Protect and display your beautiful full art Leafeon ex from Terastal Festival / Prismatic Evolutions with this premium extended art slab. Each slab features a custom-designed art insert, printed on durable, glossy paper. Perfect for showcasing your favorite card while preserving its value!

Note: Card is not included.

Thank you for supporting small businesses!",28.74,USD,5,"Pokémon,Pokemon,Collectibles,Custom_Card_Display,Pokemon_Card_Art,Trading_Card_Frame,Pokémon_Art_Slab,Slab,Custom_Art,Extended_Art_Slab,Extended_Pokemon_Art,Screwdown_Slab,Card_Protector","Acrylic Screwdown Case,Acrylic,Thick Paper,Glossy Paper,Photo Paper",https://i.etsystatic.com/56175595/r/il/bdebf2/6799671843/il_fullxfull.6799671843_h7g0.jpg,https://i.etsystatic.com/56175595/r/il/5455fe/6822689361/il_fullxfull.6822689361_p5ol.jpg,,,,,,,,,"Custom Property",Style,"Art + Screwdown Case,Art Print Only",,,,
"Vaporeon ex 149/131 Prismatic Evolutions | Custom Pokémon Artwork Display Slab","Protect and display your beautiful full art Vaporeon ex from Terastal Festival / Prismatic Evolutions with this premium extended art slab. Each slab features a custom-designed art insert, printed on durable, glossy paper. Perfect for showcasing your favorite card while preserving its value!

Note: Card is not included.

Thank you for supporting small businesses!",28.74,USD,5,"Pokémon,Pokemon,Collectibles,Custom_Card_Display,Pokemon_Card_Art,Trading_Card_Frame,Pokémon_Art_Slab,Slab,Custom_Art,Extended_Art_Slab,Extended_Pokemon_Art,Screwdown_Slab,Card_Protector","Acrylic Screwdown Case,Acrylic,Thick Paper,Glossy Paper,Photo Paper",https://i.etsystatic.com/56175595/r/il/772e0e/6822749797/il_fullxfull.6822749797_rd2m.jpg,https://i.etsystatic.com/56175595/r/il/6918ca/6822699217/il_fullxfull.6822699217_mcur.jpg,,,,,,,,,"Custom Property",Style,"Art + Screwdown Case,Art Print Only",,,,
"Dragapult ex 165/131 Prismatic Evolutions | Custom Pokémon Artwork Display Slab","Protect and display your beautiful full art Dragapult ex from Terastal Festival / Prismatic Evolutions with this premium extended art slab. Each slab features a custom-designed art insert, printed on durable, glossy paper. Perfect for showcasing your favorite card while preserving its value!

Note: Card is not included.

Thank you for supporting small businesses!",28.74,USD,5,"Pokémon,Pokemon,Collectibles,Custom_Card_Display,Pokemon_Card_Art,Trading_Card_Frame,Pokémon_Art_Slab,Slab,Custom_Art,Extended_Art_Slab,Extended_Pokemon_Art,Screwdown_Slab,Card_Protector","Acrylic Screwdown Case,Acrylic,Thick Paper,Glossy Paper,Photo Paper",https://i.etsystatic.com/56175595/r/il/360310/6744540058/il_fullxfull.6744540058_4mbc.jpg,https://i.etsystatic.com/56175595/r/il/feeba4/6822149189/il_fullxfull.6822149189_1ia0.jpg,,,,,,,,,"Custom Property",Style,"Art + Screwdown Case,Art Print Only",,,,
